,Dates,Team 1,Team 2,Match Links
0,"Wednesday, July 10 2024",Dsyre Esports,Macko Esports,https://www.strafe.com/match/macko-esports-vs-dsyre-esports-playoffs-playoffs-summer-2024-8556d9/
1,0,Team du Sud,BDS Academy,https://www.strafe.com/match/team-du-sud-vs-bds-academy-regular-season-regular-season-summer-2024-b3bc89/
2,0,Movistar R7,Six Karma,https://www.strafe.com/match/six-karma-vs-movistar-r7-regular-season-regular-season-closing-2024-4f040a/
3,0,Infinity Esports,Estral Esports,https://www.strafe.com/match/infinity-esports-vs-estral-esports-regular-season-regular-season-closing-2024-a1b5cf/
4,0,Isurus,Leviatan Esports,https://www.strafe.com/match/leviatan-esports-vs-isurus-regular-season-regular-season-closing-2024-cc70c9/
5,0,Gen.G Global Academy,KT Rolster Challengers,https://www.strafe.com/match/kt-rolster-challengers-vs-gen-g-global-academy-regular-season-regular-season-summer-2024-937ddb/
6,0,BRION Challengers,Hanwha Life Esports Challengers,https://www.strafe.com/match/hanwha-life-esports-challengers-vs-brion-challengers-regular-season-regular-season-summer-2024-acf3c3/
7,0,FearX Youth,Nongshim Esports Academy,https://www.strafe.com/match/nongshim-esports-academy-vs-fearx-youth-regular-season-regular-season-summer-2024-df79f7/
8,"Thursday, July 11 2024",Dplus KIA,DRX,https://www.strafe.com/match/dplus-kia-vs-drx-regular-season-regular-season-summer-2024-54b237/
9,0,Ultra Prime,Rare Atom,https://www.strafe.com/match/ultra-prime-vs-rare-atom-group-nirvana-group-nirvana-summer-2024-f050aa/
10,0,Kwangdong Freecs,Gen.G,https://www.strafe.com/match/kwangdong-freecs-vs-gen-g-regular-season-regular-season-summer-2024-b5d8c9/
11,0,Anyone's Legend,Ninjas in Pyjamas,https://www.strafe.com/match/ninjas-in-pyjamas-vs-anyone-s-legend-group-ascend-group-ascend-summer-2024-3251c5/
12,0,GIANTX Academy,UCAM Esports Club,https://www.strafe.com/match/ucam-esports-club-vs-giantx-academy-regular-season-regular-season-summer-2024-0a095e/
13,0,Team GO,Team du Sud,https://www.strafe.com/match/team-du-sud-vs-team-go-regular-season-regular-season-summer-2024-44bd19/
14,0,NASR eSports Turkey,Beşiktaş Esports,https://www.strafe.com/match/besiktas-esports-vs-nasr-esports-turkey-regular-season-regular-season-summer-2024-8e4df3/
15,0,Team Refuse,Anorthosis Famagusta Esports,https://www.strafe.com/match/anorthosis-famagusta-esports-vs-team-refuse-playoffs-playoffs-summer-2024-a6d540/
16,0,BeFive,Partizan Esports,https://www.strafe.com/match/partizan-esports-vs-befive-playoffs-playoffs-summer-2024-eed318/
17,0,BK ROG Esports,BDS Academy,https://www.strafe.com/match/bk-rog-esports-vs-bds-academy-regular-season-regular-season-summer-2024-5165f1/
18,0,Galakticos,Misa Esports,https://www.strafe.com/match/misa-esports-vs-galakticos-regular-season-regular-season-summer-2024-95e0e8/
19,0,EKO Academy,Atleta Esport,https://www.strafe.com/match/eko-academy-vs-atleta-esport-playoffs-playoffs-summer-2024-9dc4c5/
20,0,Once Upon A Team,Myth Esports,https://www.strafe.com/match/once-upon-a-team-vs-myth-esports-regular-season-regular-season-summer-2024-bd2090/
21,0,Guasones,ZETA,https://www.strafe.com/match/zeta-vs-guasones-regular-season-regular-season-summer-2024-dd161f/
22,0,Ramboot Club,Movistar KOI,https://www.strafe.com/match/movistar-koi-vs-ramboot-club-regular-season-regular-season-summer-2024-00081d/
23,0,Papara SuperMassive,Dark Passage,https://www.strafe.com/match/dark-passage-vs-papara-supermassive-regular-season-regular-season-summer-2024-2b8450/
24,0,Twisted Minds,Nigma Galaxy,https://www.strafe.com/match/nigma-galaxy-vs-twisted-minds-playoffs-playoffs-summer-2024-6f6a90/
25,0,Gentle Mates,Karmine Corp Blue,https://www.strafe.com/match/gentle-mates-vs-karmine-corp-blue-regular-season-regular-season-summer-2024-813c35/
26,0,White Dragons,GTZ Esports,https://www.strafe.com/match/gtz-esports-vs-white-dragons-playoffs-playoffs-summer-2024-aa7d2b/
27,0,ZennIT,A One Man Army,https://www.strafe.com/match/zennit-vs-a-one-man-army-regular-season-regular-season-summer-2024-b221cb/
28,0,Dynasty,KRC Genk Esports,https://www.strafe.com/match/krc-genk-esports-vs-dynasty-regular-season-regular-season-summer-2024-6fb0df/
29,0,LUA Gaming,Team Heretics Academy,https://www.strafe.com/match/lua-gaming-vs-team-heretics-academy-regular-season-regular-season-summer-2024-b11c26/
30,0,Solary,GameWard,https://www.strafe.com/match/gameward-vs-solary-regular-season-regular-season-summer-2024-e745b5/
31,0,BoostGate Esports,FUT Esports,https://www.strafe.com/match/boostgate-esports-vs-fut-esports-regular-season-regular-season-summer-2024-edd217/
32,0,Vitality.Bee,Aegis,https://www.strafe.com/match/vitality-bee-vs-aegis-regular-season-regular-season-summer-2024-546d3f/
33,0,Barça eSports,Rebels Gaming,https://www.strafe.com/match/rebels-gaming-vs-barca-esports-regular-season-regular-season-summer-2024-8c07b5/
34,0,mCon esports,SNOOZE esports,https://www.strafe.com/match/snooze-esports-vs-mcon-esports-regular-season-regular-season-summer-2024-94b778/
35,0,A One Man Army,mCon esports,https://www.strafe.com/match/mcon-esports-vs-a-one-man-army-regular-season-regular-season-summer-2024-5d3519/
36,0,Dplus KIA Challengers,T1 Academy,https://www.strafe.com/match/dplus-kia-challengers-vs-t1-academy-regular-season-regular-season-summer-2024-1adbef/
37,0,DRX Challengers,Kwangdong Freecs Challengers,https://www.strafe.com/match/kwangdong-freecs-challengers-vs-drx-challengers-regular-season-regular-season-summer-2024-b3c91d/
38,"Friday, July 12 2024",LGD Gaming,JD Gaming,https://www.strafe.com/match/lgd-gaming-vs-jd-gaming-group-ascend-group-ascend-summer-2024-1afa45/
39,0,KT Rolster,FearX,https://www.strafe.com/match/fearx-vs-kt-rolster-regular-season-regular-season-summer-2024-33ecce/
40,0,Oh My God,EDward Gaming,https://www.strafe.com/match/edward-gaming-vs-oh-my-god-group-nirvana-group-nirvana-summer-2024-6cb0fd/
41,0,J Team,West Point Esports PH,https://www.strafe.com/match/j-team-vs-west-point-esports-ph-regular-season-regular-season-summer-2024-9acb63/
42,0,Vikings Esports,Team Flash,https://www.strafe.com/match/vikings-esports-vs-team-flash-regular-season-regular-season-summer-2024-a03913/
43,0,Hanwha Life Esports,T1,https://www.strafe.com/match/t1-vs-hanwha-life-esports-regular-season-regular-season-summer-2024-35469d/
44,0,Bilibili Gaming,Top Esports,https://www.strafe.com/match/top-esports-vs-bilibili-gaming-group-ascend-group-ascend-summer-2024-653302/
45,0,CTBC Flying Oyster,PSG Talon,https://www.strafe.com/match/psg-talon-vs-ctbc-flying-oyster-regular-season-regular-season-summer-2024-58ecc7/
46,0,GAM Esports,CERBERUS Esports,https://www.strafe.com/match/cerberus-esports-vs-gam-esports-regular-season-regular-season-summer-2024-6faa11/
47,0,Team Heretics,SK Gaming,https://www.strafe.com/match/sk-gaming-vs-team-heretics-playoffs-playoffs-summer-2024-711456/
48,0,paiN Gaming,LOS,https://www.strafe.com/match/pain-gaming-vs-los-regular-season-regular-season-split-2-2024-972da6/
49,0,BoostGate Esports,Beşiktaş Esports,https://www.strafe.com/match/boostgate-esports-vs-besiktas-esports-regular-season-regular-season-summer-2024-d5d6d5/
50,0,FURIA Esports,Vivo Keyd Stars,https://www.strafe.com/match/furia-esports-vs-vivo-keyd-stars-regular-season-regular-season-split-2-2024-1fedbc/
51,0,MAD Lions KOI,BDS,https://www.strafe.com/match/bds-vs-mad-lions-koi-playoffs-playoffs-summer-2024-462fc4/
52,0,FUT Esports,Dark Passage,https://www.strafe.com/match/dark-passage-vs-fut-esports-regular-season-regular-season-summer-2024-ad4deb/
53,0,KaBuM! eSports,Fluxo,https://www.strafe.com/match/kabum-esports-vs-fluxo-regular-season-regular-season-split-2-2024-65ab03/
54,0,Misa Esports,Papara SuperMassive,https://www.strafe.com/match/misa-esports-vs-papara-supermassive-regular-season-regular-season-summer-2024-af12a2/
55,0,LOUD,Liberty,https://www.strafe.com/match/liberty-vs-loud-regular-season-regular-season-split-2-2024-081400/
56,0,Galakticos,NASR eSports Turkey,https://www.strafe.com/match/galakticos-vs-nasr-esports-turkey-regular-season-regular-season-summer-2024-9859a3/
57,0,Disguised,CCG Esports,https://www.strafe.com/match/disguised-vs-ccg-esports-regular-season-regular-season-summer-2024-00fdff/
58,0,RED Canids,INTZ e-Sports,https://www.strafe.com/match/intz-e-sports-vs-red-canids-regular-season-regular-season-split-2-2024-2693fc/
59,0,Fear x Starforge,FlyQuest NZXT,https://www.strafe.com/match/flyquest-nzxt-vs-fear-x-starforge-regular-season-regular-season-summer-2024-1d882f/
60,0,Dplus KIA,Gen.G,https://www.strafe.com/match/gen-g-vs-dplus-kia-regular-season-regular-season-summer-2024-791113/
61,"Saturday, July 13 2024",Invictus Gaming,Rare Atom,https://www.strafe.com/match/rare-atom-vs-invictus-gaming-group-nirvana-group-nirvana-summer-2024-72878a/
62,0,Fukuoka SoftBank Hawks Gaming,AXIZ CREST,https://www.strafe.com/match/fukuoka-softbank-hawks-gaming-vs-axiz-crest-regular-season-regular-season-summer-2024-310856/
63,0,Nongshim Red Force,BRION,https://www.strafe.com/match/nongshim-red-force-vs-brion-regular-season-regular-season-summer-2024-4ac28b/
64,0,West Point Esports PH,HELL PIGS,https://www.strafe.com/match/hell-pigs-vs-west-point-esports-ph-regular-season-regular-season-summer-2024-6c1104/
65,0,Team WE,Royal Never Give Up,https://www.strafe.com/match/team-we-vs-royal-never-give-up-group-nirvana-group-nirvana-summer-2024-aa21e8/
66,0,DetonatioN FocusMe,Sengoku Gaming,https://www.strafe.com/match/sengoku-gaming-vs-detonation-focusme-regular-season-regular-season-summer-2024-25efef/
67,0,Team Secret,Team Whales,https://www.strafe.com/match/team-secret-vs-team-whales-regular-season-regular-season-summer-2024-ee0d27/
68,0,Ninjas in Pyjamas,Weibo Gaming,https://www.strafe.com/match/weibo-gaming-vs-ninjas-in-pyjamas-group-ascend-group-ascend-summer-2024-fb5610/
69,0,CTBC Flying Oyster,J Team,https://www.strafe.com/match/j-team-vs-ctbc-flying-oyster-regular-season-regular-season-summer-2024-ba92fb/
70,0,Burning Core Toyama,V3 Esports,https://www.strafe.com/match/burning-core-toyama-vs-v3-esports-regular-season-regular-season-summer-2024-537f0f/
71,0,MGN Blue Esports,Vikings Esports,https://www.strafe.com/match/vikings-esports-vs-mgn-blue-esports-regular-season-regular-season-summer-2024-ebdb87/
72,0,GIANTX,Fnatic,https://www.strafe.com/match/fnatic-vs-giantx-playoffs-playoffs-summer-2024-cfea11/
73,0,FURIA Esports,KaBuM! eSports,https://www.strafe.com/match/kabum-esports-vs-furia-esports-regular-season-regular-season-split-2-2024-108e4c/
74,0,G2 Esports,Karmine Corp,https://www.strafe.com/match/g2-esports-vs-karmine-corp-playoffs-playoffs-summer-2024-a0e312/
75,0,Liberty,RED Canids,https://www.strafe.com/match/red-canids-vs-liberty-regular-season-regular-season-split-2-2024-b7a575/
76,0,Vivo Keyd Stars,paiN Gaming,https://www.strafe.com/match/vivo-keyd-stars-vs-pain-gaming-regular-season-regular-season-split-2-2024-cd522d/
77,0,Fluxo,LOS,https://www.strafe.com/match/fluxo-vs-los-regular-season-regular-season-split-2-2024-bf24ba/
78,0,Fear x Starforge,Winthrop University,https://www.strafe.com/match/winthrop-university-vs-fear-x-starforge-regular-season-regular-season-summer-2024-18a145/
79,0,INTZ e-Sports,LOUD,https://www.strafe.com/match/loud-vs-intz-e-sports-regular-season-regular-season-split-2-2024-47652a/
80,0,Dragonsteel,Team Liquid Challengers,https://www.strafe.com/match/team-liquid-challengers-vs-dragonsteel-regular-season-regular-season-summer-2024-d5655f/
81,0,Blue Otter,Supernova,https://www.strafe.com/match/supernova-vs-blue-otter-regular-season-regular-season-summer-2024-b06f09/
82,0,DRX,Kwangdong Freecs,https://www.strafe.com/match/kwangdong-freecs-vs-drx-regular-season-regular-season-summer-2024-4de019/
83,"Sunday, July 14 2024",Ultra Prime,ThunderTalk Gaming,https://www.strafe.com/match/ultra-prime-vs-thundertalk-gaming-group-nirvana-group-nirvana-summer-2024-452c31/
84,0,DetonatioN FocusMe,V3 Esports,https://www.strafe.com/match/detonation-focusme-vs-v3-esports-regular-season-regular-season-summer-2024-3914a1/
85,0,Hanwha Life Esports,FearX,https://www.strafe.com/match/fearx-vs-hanwha-life-esports-regular-season-regular-season-summer-2024-ebb060/
86,0,Deep Cross Gaming,Frank Esports,https://www.strafe.com/match/frank-esports-vs-deep-cross-gaming-regular-season-regular-season-summer-2024-0f255c/
87,0,JD Gaming,Anyone's Legend,https://www.strafe.com/match/anyone-s-legend-vs-jd-gaming-group-ascend-group-ascend-summer-2024-c66c04/
88,0,Sengoku Gaming,Fukuoka SoftBank Hawks Gaming,https://www.strafe.com/match/sengoku-gaming-vs-fukuoka-softbank-hawks-gaming-regular-season-regular-season-summer-2024-55e3c1/
89,0,CERBERUS Esports,Team Flash,https://www.strafe.com/match/cerberus-esports-vs-team-flash-regular-season-regular-season-summer-2024-640073/
90,0,Top Esports,LNG Esports,https://www.strafe.com/match/lng-esports-vs-top-esports-group-ascend-group-ascend-summer-2024-89f3c6/
91,0,HELL PIGS,PSG Talon,https://www.strafe.com/match/psg-talon-vs-hell-pigs-regular-season-regular-season-summer-2024-89a78c/
92,0,AXIZ CREST,Burning Core Toyama,https://www.strafe.com/match/burning-core-toyama-vs-axiz-crest-regular-season-regular-season-summer-2024-84cb4f/
93,0,GAM Esports,Team Secret,https://www.strafe.com/match/team-secret-vs-gam-esports-regular-season-regular-season-summer-2024-b50200/
94,0,Vivo Keyd Stars,Fluxo,https://www.strafe.com/match/vivo-keyd-stars-vs-fluxo-regular-season-regular-season-split-2-2024-b23064/
95,0,Liberty,paiN Gaming,https://www.strafe.com/match/pain-gaming-vs-liberty-regular-season-regular-season-split-2-2024-a77d79/
96,0,KaBuM! eSports,INTZ e-Sports,https://www.strafe.com/match/intz-e-sports-vs-kabum-esports-regular-season-regular-season-split-2-2024-daea5b/
97,0,RED Canids,FURIA Esports,https://www.strafe.com/match/furia-esports-vs-red-canids-regular-season-regular-season-split-2-2024-e78809/
98,0,LOS,LOUD,https://www.strafe.com/match/los-vs-loud-regular-season-regular-season-split-2-2024-85634f/
99,0,FlyQuest NZXT,Disguised,https://www.strafe.com/match/flyquest-nzxt-vs-disguised-regular-season-regular-season-summer-2024-a77189/
100,0,Area of Effect eSports,CCG Esports,https://www.strafe.com/match/ccg-esports-vs-area-of-effect-esports-regular-season-regular-season-summer-2024-3f6a26/
101,0,Winthrop University,Blue Otter,https://www.strafe.com/match/winthrop-university-vs-blue-otter-regular-season-regular-season-summer-2024-e0d5b1/
102,0,Nongshim Esports Academy,Dplus KIA Challengers,https://www.strafe.com/match/nongshim-esports-academy-vs-dplus-kia-challengers-regular-season-regular-season-summer-2024-cf10c8/
103,"Monday, July 15 2024",Ground Zero Gaming,ION Global Esports,https://www.strafe.com/match/ground-zero-gaming-vs-ion-global-esports-playoffs-playoffs-split-season-2-2024-79b417/
104,0,BRION Challengers,T1 Academy,https://www.strafe.com/match/t1-academy-vs-brion-challengers-regular-season-regular-season-summer-2024-09add3/
105,0,Invictus Gaming,Oh My God,https://www.strafe.com/match/invictus-gaming-vs-oh-my-god-group-nirvana-group-nirvana-summer-2024-6232be/
106,0,FearX Youth,Gen.G Global Academy,https://www.strafe.com/match/fearx-youth-vs-gen-g-global-academy-regular-season-regular-season-summer-2024-42243f/
107,0,Team Bliss,Antic Esports,https://www.strafe.com/match/team-bliss-vs-antic-esports-playoffs-playoffs-split-season-2-2024-c35b81/
108,0,LGD Gaming,Bilibili Gaming,https://www.strafe.com/match/bilibili-gaming-vs-lgd-gaming-group-ascend-group-ascend-summer-2024-3dcb94/
109,0,OGC Esports,eSuba,https://www.strafe.com/match/esuba-vs-ogc-esports-regular-season-regular-season-summer-2024-b5b5be/
110,0,Entropiq,GLORE,https://www.strafe.com/match/entropiq-vs-glore-regular-season-regular-season-summer-2024-b3fdaa/
111,0,BRUTE,Dynamo Eclot,https://www.strafe.com/match/brute-vs-dynamo-eclot-regular-season-regular-season-summer-2024-0d6e7f/
112,0,MHSC Esport,Ici Japon Corp. Esport,https://www.strafe.com/match/ici-japon-corp-esport-vs-mhsc-esport-playoffs-playoffs-summer-2024-65122a/
113,0,Team UNiTY,Parakeet Gaming,https://www.strafe.com/match/team-unity-vs-parakeet-gaming-regular-season-regular-season-summer-2024-6bcd1c/
114,0,KaBuM! Academy,paiN Gaming Academy,https://www.strafe.com/match/pain-gaming-academy-vs-kabum-academy-regular-season-regular-season-split-2-2024-894f55/
115,0,paiN Gaming Academy,Rise Gaming,https://www.strafe.com/match/rise-gaming-vs-pain-gaming-academy-regular-season-regular-season-split-2-2024-c84a0e/
116,0,Flamengo Academy,LOUD Academy,https://www.strafe.com/match/flamengo-academy-vs-loud-academy-regular-season-regular-season-split-2-2024-fd3007/
117,0,Los Grandes Academy,Ilha das Lendas,https://www.strafe.com/match/los-grandes-academy-vs-ilha-das-lendas-regular-season-regular-season-split-2-2024-156e44/
118,0,Vivo Keyd Stars Academy,KaBuM! Academy,https://www.strafe.com/match/kabum-academy-vs-vivo-keyd-stars-academy-regular-season-regular-season-split-2-2024-ea3bc0/
119,0,Tropa Raizen,FURIA Academy,https://www.strafe.com/match/tropa-raizen-vs-furia-academy-regular-season-regular-season-split-2-2024-fd095f/
120,0,INTZ Academy,RED Academy,https://www.strafe.com/match/intz-academy-vs-red-academy-regular-season-regular-season-split-2-2024-6a4558/
121,0,Liberty Academy,Fluxo Academy,https://www.strafe.com/match/liberty-academy-vs-fluxo-academy-regular-season-regular-season-split-2-2024-9ecf79/
122,"Tuesday, July 16 2024",DRX Challengers,KT Rolster Challengers,https://www.strafe.com/match/drx-challengers-vs-kt-rolster-challengers-regular-season-regular-season-summer-2024-c7cc09/
123,0,Rare Atom,EDward Gaming,https://www.strafe.com/match/rare-atom-vs-edward-gaming-group-nirvana-group-nirvana-summer-2024-f7e319/
124,0,Hanwha Life Esports Challengers,Kwangdong Freecs Challengers,https://www.strafe.com/match/hanwha-life-esports-challengers-vs-kwangdong-freecs-challengers-regular-season-regular-season-summer-2024-f08871/
125,0,Ninjas in Pyjamas,FunPlus Phoenix,https://www.strafe.com/match/funplus-phoenix-vs-ninjas-in-pyjamas-group-ascend-group-ascend-summer-2024-90b683/
126,0,GLORE,Team UNiTY,https://www.strafe.com/match/glore-vs-team-unity-regular-season-regular-season-summer-2024-22df39/
127,0,Entropiq,Dynamo Eclot,https://www.strafe.com/match/dynamo-eclot-vs-entropiq-regular-season-regular-season-summer-2024-02bff9/
128,0,Stormbringers,Veni Vidi Vici,https://www.strafe.com/match/veni-vidi-vici-vs-stormbringers-playoffs-playoffs-summer-2024-033dc0/
129,0,Joblife,IZI Dream,https://www.strafe.com/match/joblife-vs-izi-dream-playoffs-playoffs-summer-2024-16bb0b/
130,0,BlueWhites,NORD Esports,https://www.strafe.com/match/nord-esports-vs-lionscreed-regular-season-regular-season-summer-2024-88a902/
131,0,devils.one,Zero Tenacity,https://www.strafe.com/match/zero-tenacity-vs-devils-one-regular-season-regular-season-summer-2024-dc4b24/
132,0,Parakeet Gaming,OGC Esports,https://www.strafe.com/match/parakeet-gaming-vs-ogc-esports-regular-season-regular-season-summer-2024-f52764/
133,0,Forsaken,GRP Esports,https://www.strafe.com/match/grp-esports-vs-forsaken-regular-season-regular-season-summer-2024-876d14/
134,0,eSuba,BRUTE,https://www.strafe.com/match/brute-vs-esuba-regular-season-regular-season-summer-2024-f0a6c0/
135,0,Verdant,Lundqvist Lightside,https://www.strafe.com/match/verdant-vs-lundqvist-lightside-regular-season-regular-season-summer-2024-fa5cc3/
136,0,Orbit Anonymo,Lodis,https://www.strafe.com/match/orbit-anonymo-vs-lodis-regular-season-regular-season-summer-2024-15867c/
137,0,Ruddy Esports,DMG Esports,https://www.strafe.com/match/ruddy-esports-vs-dmg-esports-regular-season-regular-season-summer-2024-943d7f/
138,0,Venomcrest Esports,Nativz,https://www.strafe.com/match/venomcrest-esports-vs-nativz-regular-season-regular-season-summer-2024-063f63/
139,0,Iron Wolves,Back2TheGame,https://www.strafe.com/match/back2thegame-vs-iron-wolves-regular-season-regular-season-summer-2024-f92e45/
140,0,Isurus,Movistar R7,https://www.strafe.com/match/isurus-vs-movistar-r7-regular-season-regular-season-closing-2024-e7b090/
141,0,Six Karma,Estral Esports,https://www.strafe.com/match/six-karma-vs-estral-esports-regular-season-regular-season-closing-2024-095832/
142,0,Leviatan Esports,Infinity Esports,https://www.strafe.com/match/infinity-esports-vs-leviatan-esports-regular-season-regular-season-closing-2024-47523e/
143,"Wednesday, July 17 2024",Dplus KIA,BRION,https://www.strafe.com/match/brion-vs-dplus-kia-regular-season-regular-season-summer-2024-d855f7/
144,0,ThunderTalk Gaming,Team WE,https://www.strafe.com/match/team-we-vs-thundertalk-gaming-group-nirvana-group-nirvana-summer-2024-005f13/
145,0,Hanwha Life Esports,Kwangdong Freecs,https://www.strafe.com/match/kwangdong-freecs-vs-hanwha-life-esports-regular-season-regular-season-summer-2024-d7b5b0/
146,0,Top Esports,Weibo Gaming,https://www.strafe.com/match/top-esports-vs-weibo-gaming-group-ascend-group-ascend-summer-2024-1bdc75/
147,0,Rebels Gaming,Movistar KOI,https://www.strafe.com/match/movistar-koi-vs-rebels-gaming-regular-season-regular-season-summer-2024-08b5d4/
148,0,Ruddy Esports,NORD Esports,https://www.strafe.com/match/ruddy-esports-vs-nord-esports-regular-season-regular-season-summer-2024-14bd48/
149,0,Back2TheGame,Orbit Anonymo,https://www.strafe.com/match/orbit-anonymo-vs-back2thegame-regular-season-regular-season-summer-2024-2bbe68/
150,0,UCAM Esports Club,Team Heretics Academy,https://www.strafe.com/match/team-heretics-academy-vs-ucam-esports-club-regular-season-regular-season-summer-2024-26839a/
151,0,Venomcrest Esports,Lundqvist Lightside,https://www.strafe.com/match/venomcrest-esports-vs-lundqvist-lightside-regular-season-regular-season-summer-2024-2a14a5/
152,0,GRP Esports,devils.one,https://www.strafe.com/match/grp-esports-vs-devils-one-regular-season-regular-season-summer-2024-6f5ea6/
153,0,Guasones,Barça eSports,https://www.strafe.com/match/guasones-vs-barca-esports-regular-season-regular-season-summer-2024-5f66be/
154,0,BlueWhites,Verdant,https://www.strafe.com/match/verdant-vs-lionscreed-regular-season-regular-season-summer-2024-c4293e/
155,0,Forsaken,Iron Wolves,https://www.strafe.com/match/iron-wolves-vs-forsaken-regular-season-regular-season-summer-2024-e9b5fe/
156,0,Zero Tenacity,Lodis,https://www.strafe.com/match/lodis-vs-zero-tenacity-regular-season-regular-season-summer-2024-0dc747/
157,0,LUA Gaming,ZETA,https://www.strafe.com/match/lua-gaming-vs-zeta-regular-season-regular-season-summer-2024-6d56f5/
158,0,Nativz,DMG Esports,https://www.strafe.com/match/dmg-esports-vs-nativz-regular-season-regular-season-summer-2024-a74bc8/
159,0,Ramboot Club,GIANTX Academy,https://www.strafe.com/match/ramboot-club-vs-giantx-academy-regular-season-regular-season-summer-2024-d5a406/
160,0,Leviatan Esports,Estral Esports,https://www.strafe.com/match/leviatan-esports-vs-estral-esports-regular-season-regular-season-closing-2024-f9ee6f/
161,0,Infinity Esports,Movistar R7,https://www.strafe.com/match/infinity-esports-vs-movistar-r7-regular-season-regular-season-closing-2024-22d111/
162,0,Six Karma,Isurus,https://www.strafe.com/match/six-karma-vs-isurus-regular-season-regular-season-closing-2024-07a2d7/
163,0,T1 Academy,Dplus KIA Challengers,https://www.strafe.com/match/t1-academy-vs-dplus-kia-challengers-regular-season-regular-season-summer-2024-38ce66/
164,0,Kwangdong Freecs Challengers,DRX Challengers,https://www.strafe.com/match/drx-challengers-vs-kwangdong-freecs-challengers-regular-season-regular-season-summer-2024-838dc1/
165,0,Nongshim Esports Academy,KT Rolster Challengers,https://www.strafe.com/match/nongshim-esports-academy-vs-kt-rolster-challengers-regular-season-regular-season-summer-2024-eea8a1/
166,"Thursday, July 18 2024",Royal Never Give Up,Ultra Prime,https://www.strafe.com/match/royal-never-give-up-vs-ultra-prime-group-nirvana-group-nirvana-summer-2024-7a6fa7/
167,0,FearX,T1,https://www.strafe.com/match/t1-vs-fearx-regular-season-regular-season-summer-2024-381f1b/
168,0,Anyone's Legend,Weibo Gaming,https://www.strafe.com/match/weibo-gaming-vs-anyone-s-legend-group-ascend-group-ascend-summer-2024-2e1e84/
169,0,Team Whales,CERBERUS Esports,https://www.strafe.com/match/cerberus-esports-vs-team-whales-regular-season-regular-season-summer-2024-08a27d/
170,0,Gen.G,Nongshim Red Force,https://www.strafe.com/match/nongshim-red-force-vs-gen-g-regular-season-regular-season-summer-2024-f87139/
171,0,Bilibili Gaming,LNG Esports,https://www.strafe.com/match/bilibili-gaming-vs-lng-esports-group-ascend-group-ascend-summer-2024-e74b60/
172,0,Team Flash,MGN Blue Esports,https://www.strafe.com/match/mgn-blue-esports-vs-team-flash-regular-season-regular-season-summer-2024-966d5a/
173,0,FUT Esports,Papara SuperMassive,https://www.strafe.com/match/fut-esports-vs-papara-supermassive-regular-season-regular-season-summer-2024-0574f9/
174,0,ZETA,Team Heretics Academy,https://www.strafe.com/match/zeta-vs-team-heretics-academy-regular-season-regular-season-summer-2024-6e01a1/
175,0,Dark Passage,Beşiktaş Esports,https://www.strafe.com/match/dark-passage-vs-besiktas-esports-regular-season-regular-season-summer-2024-30d2c2/
176,0,LUA Gaming,Guasones,https://www.strafe.com/match/lua-gaming-vs-guasones-regular-season-regular-season-summer-2024-847ee2/
177,0,Misa Esports,NASR eSports Turkey,https://www.strafe.com/match/misa-esports-vs-nasr-esports-turkey-regular-season-regular-season-summer-2024-14603b/
178,0,Barça eSports,Ramboot Club,https://www.strafe.com/match/ramboot-club-vs-barca-esports-regular-season-regular-season-summer-2024-6a20b9/
179,0,BoostGate Esports,Galakticos,https://www.strafe.com/match/boostgate-esports-vs-galakticos-regular-season-regular-season-summer-2024-a8422f/
180,0,GIANTX Academy,Movistar KOI,https://www.strafe.com/match/movistar-koi-vs-giantx-academy-regular-season-regular-season-summer-2024-eefbd5/
181,0,Rebels Gaming,UCAM Esports Club,https://www.strafe.com/match/rebels-gaming-vs-ucam-esports-club-regular-season-regular-season-summer-2024-927eca/
182,0,FearX Youth,Hanwha Life Esports Challengers,https://www.strafe.com/match/hanwha-life-esports-challengers-vs-fearx-youth-regular-season-regular-season-summer-2024-6c0d62/
183,0,BRION Challengers,Gen.G Global Academy,https://www.strafe.com/match/gen-g-global-academy-vs-brion-challengers-regular-season-regular-season-summer-2024-8efcda/
184,"Friday, July 19 2024",Invictus Gaming,EDward Gaming,https://www.strafe.com/match/invictus-gaming-vs-edward-gaming-group-nirvana-group-nirvana-summer-2024-454844/
185,0,DRX,KT Rolster,https://www.strafe.com/match/kt-rolster-vs-drx-regular-season-regular-season-summer-2024-d9deb4/
186,0,FunPlus Phoenix,LGD Gaming,https://www.strafe.com/match/lgd-gaming-vs-funplus-phoenix-group-ascend-group-ascend-summer-2024-2137eb/
187,0,Team Secret,Vikings Esports,https://www.strafe.com/match/vikings-esports-vs-team-secret-regular-season-regular-season-summer-2024-4f17de/
188,0,Kwangdong Freecs,BRION,https://www.strafe.com/match/kwangdong-freecs-vs-brion-regular-season-regular-season-summer-2024-35ce56/
189,0,Ninjas in Pyjamas,JD Gaming,https://www.strafe.com/match/ninjas-in-pyjamas-vs-jd-gaming-group-ascend-group-ascend-summer-2024-7cce4f/
190,0,Team Whales,GAM Esports,https://www.strafe.com/match/team-whales-vs-gam-esports-regular-season-regular-season-summer-2024-c6f5f7/
191,0,ECORP,Tan'i eSports,https://www.strafe.com/match/tan-i-esports-vs-ecorp-playoffs-playoffs-summer-2024-5d5e32/
192,0,Galakticos,Dark Passage,https://www.strafe.com/match/dark-passage-vs-galakticos-regular-season-regular-season-summer-2024-7c1384/
193,0,FUT Esports,Beşiktaş Esports,https://www.strafe.com/match/besiktas-esports-vs-fut-esports-regular-season-regular-season-summer-2024-bc5869/
194,0,BoostGate Esports,Misa Esports,https://www.strafe.com/match/boostgate-esports-vs-misa-esports-regular-season-regular-season-summer-2024-703157/
